timestamp,username,message
2025-06-11T22:04:09,melxne_07,ZAFFFFFFFF
2025-06-11T22:04:09,gorilapiece,kali
2025-06-11T22:04:09,vexo_pog,LE BBL
2025-06-11T22:04:10,syrielle_r,Coucou! D√©sol√©e si la question a d√©j√† √©t√© pos√©e mais le serveur ferm√© quand ? Genre officiellement
2025-06-11T22:04:10,shaaaaina,Pas Isolde
2025-06-11T22:04:10,starzbear,isolde elle est flippante
2025-06-11T22:04:10,alieck_,Ou mousieur
2025-06-11T22:04:11,maroua_sz,Faut lui montrer le BBL carr√©ment laaaaaaaaaa
2025-06-11T22:04:12,hope_rosi,Nan
2025-06-11T22:04:13,syloween,Wa le tchat en feu ce soir
2025-06-11T22:04:13,lvsh43,non au pire prend Frozen
2025-06-11T22:04:13,lefenneckpuant,Non c mort
2025-06-11T22:04:13,alex1234andre,zafelll
2025-06-11T22:04:13,meg02j,kali elle a bcp de crazy coin
2025-06-11T22:04:13,krokeliar,Mais il y a un dragon au pire
2025-06-11T22:04:13,tpfimusss,ZAF
2025-06-11T22:04:14,yura__cat,Dis lui pour le pouvoir
2025-06-11T22:04:15,maltoce15,Kaleviq
2025-06-11T22:04:15,m8proutland,C'est os√© de fouuuuu
2025-06-11T22:04:15,enora7142,naan trop dangereuxx
2025-06-11T22:04:15,therumzz,le bbl
2025-06-11T22:04:16,mrc_etienne,Nn
2025-06-11T22:04:17,alpha_1042,Postuler est bien aussi
2025-06-11T22:04:17,solga_ow,LUL LUL LUL
2025-06-11T22:04:18,leeloumieres__,oui isolde
2025-06-11T22:04:18,leyoo8,BBL
2025-06-11T22:04:18,oneworld69,Zafeel
2025-06-11T22:04:18,lapoteto064,cagoules vous
2025-06-11T22:04:18,venefio,"ou le ""date"" de steeve, un faux kidnapping"
2025-06-11T22:04:19,seni_ine,NANNN √âVITE
2025-06-11T22:04:19,timeorat,Je t'aime
2025-06-11T22:04:19,mister_yla,la centrale de Sam qui n‚Äôaura finalement servi √† rien‚Ä¶ √† moins qu‚Äôelle explose √† la fin de crazytown
2025-06-11T22:04:19,dcvdsghchdgz,keido
2025-06-11T22:04:19,micheline_pinguin,kali elle est appr√©ci√©e du village en vrai
2025-06-11T22:04:19,moiiimooii,Kali c‚Äôest plus simple
2025-06-11T22:04:19,na_gougi,OUIII
2025-06-11T22:04:19,lyanaaatjeee,kaliii
2025-06-11T22:04:20,alixdelaune_dynamiqu76,OhMyDog OhMyDog OhMyDog OhMyDog OhMyDog OhMyDog
2025-06-11T22:04:20,anahst,kidnappez kali elle est blind√©e de ouf
2025-06-11T22:04:20,prg_apollo,Isold c pas une bonne idee
2025-06-11T22:04:20,shaaaaina,Keido
2025-06-11T22:04:20,solo_zix,tu as un dragon
2025-06-11T22:04:20,solstic_grad5,BBL ???
2025-06-11T22:04:22,ashley_2483,Zafeel* pardon
2025-06-11T22:04:22,mystiknc04,@laure_colas A ouai merci mais comment autant de monde savent √ß√† mdr
2025-06-11T22:04:22,hayden_cute,Zafff
2025-06-11T22:04:22,monkey_d_karim,bbl
2025-06-11T22:04:22,pyroxsy,isolde c bien
2025-06-11T22:04:22,bllkel21,le Neuville
2025-06-11T22:04:22,angele2605,Kali
2025-06-11T22:04:23,melxne_07,ZAFFFFFFF
2025-06-11T22:04:23,l_dtr,sinon attendez dimanche pour lainkkk
2025-06-11T22:04:23,xirpuoc,TA BBL
2025-06-11T22:04:23,cmlax,@syrielle_r dimanche c le dernier live
2025-06-11T22:04:24,luminis_tv,kali
2025-06-11T22:04:25,tanyelou,Le bbl
2025-06-11T22:04:25,doga_d_shino,mdrrr
2025-06-11T22:04:25,julot_gnn,kali?
2025-06-11T22:04:25,le_gnome_magique,du lui pour ta bbl
2025-06-11T22:04:25,edeletraz,üòÇ
2025-06-11T22:04:25,alex1234andre,zaf
2025-06-11T22:04:25,kenza_2000,Zaf parce quil a balance le zook
2025-06-11T22:04:25,sunshadowlovedream,@syrielle_r La saison finit dimanche
2025-06-11T22:04:25,kazutora_bananier,PTDRR
2025-06-11T22:04:26,louna_lmrr,MDRRR
2025-06-11T22:04:27,meg02j,KALII
2025-06-11T22:04:27,maroua_sz,dit lui pour le bbl
2025-06-11T22:04:27,bloubim,kali
2025-06-11T22:04:27,fenix3091,stp dit lui pour le pouvoir que tu va avoir
2025-06-11T22:04:27,soafia_8,mais se serait archoi drole qd meme
2025-06-11T22:04:27,ammyqaffifff,Kali
2025-06-11T22:04:28,keyton47,kali
2025-06-11T22:04:28,gabinoua,PK T EMBROUR
2025-06-11T22:04:28,une_pompotee,chat chat
2025-06-11T22:04:28,louis_cactuss26,Dans la base
2025-06-11T22:04:29,arkane_94,d√©gaine frozen avec samouss dessus
2025-06-11T22:04:29,kobe_twicht,ahaha
2025-06-11T22:04:29,ouertui,goooooo isolde
2025-06-11T22:04:30,racheloleficello,ZAFFF
2025-06-11T22:04:30,wyll0w_,Si a Natacha
2025-06-11T22:04:30,lmb_956,LA CARTE D‚ÄôACC√àS AU COFFRES TA OUBLI√â ?
2025-06-11T22:04:30,moiiimooii,Kaliiiiii
2025-06-11T22:04:30,kiruna177,Montre ton pouvoir
2025-06-11T22:04:30,leo_lep_,"Dwarmas sinon, bff de steve"
2025-06-11T22:04:31,feathur_,natasha ou kali
2025-06-11T22:04:31,solstic_grad5,Expliquez svpp
2025-06-11T22:04:32,gesan__,Demander √† isolde de rejoindre la team sa serait cool nn
2025-06-11T22:04:32,victor_97110,vous kidnapper le maire mais mettrez le dans la confidance#
2025-06-11T22:04:32,solostic_7a,montre lui tes fesse
2025-06-11T22:04:32,chefdeflot,Isold
2025-06-11T22:04:33,angele2605,Kaliii
2025-06-11T22:04:33,glop740,kali
2025-06-11T22:04:33,la_6789,Mousieur
2025-06-11T22:04:33,lea_sprtr,Natashaaaa
2025-06-11T22:04:33,yenjuliee,Brissouz
2025-06-11T22:04:34,r0muald08,enlever
2025-06-11T22:04:34,adem_le_chomeurr,Rafale
2025-06-11T22:04:34,dealer_de_pringles,Enlever byilhan
2025-06-11T22:04:34,seni_ine,Kal ?
2025-06-11T22:04:34,mrc_etienne,Keido
2025-06-11T22:04:35,wixvw_14,slt g rater la discution avec hctuan vous pouvez me dire svp
2025-06-11T22:04:35,anaellef1,mdrrrt
2025-06-11T22:04:35,polluxoss,faite un plan avec lui pour qu'il impressionne isolde comme un hero
2025-06-11T22:04:35,hajar_azd,si √† Kalevis le Neuville
2025-06-11T22:04:36,legarsdusuddatar45,Parle lui du pouvoir
2025-06-11T22:04:36,lokhugo,Frozen
2025-06-11T22:04:36,celestin257,Kali elle a de l'argent
2025-06-11T22:04:37,lulu_abr,√πmontre le BBL !!!
2025-06-11T22:04:37,ibra_te,Montre le Q
2025-06-11T22:04:37,shaaaaina,Kali
2025-06-11T22:04:38,ryze_vous_regarde,simuler un enl√®vement pour blanchir l'argent de la banque
2025-06-11T22:04:39,zigoto210,NATASHA
2025-06-11T22:04:39,pamplemsss,le serveur est ferme ldimanche
2025-06-11T22:04:39,the__ted,Kali
2025-06-11T22:04:39,lepiratess,2
2025-06-11T22:04:40,sachatheone_officiel,kalevis
2025-06-11T22:04:40,strechydream,kal
2025-06-11T22:04:40,thua94,PogChamp mastuFeelsBadChopper
2025-06-11T22:04:40,emmastulipe,Bylhan
2025-06-11T22:04:40,syrielle_r,Merciiii!
2025-06-11T22:04:41,syloween,Juste question sur ce live ils ont refait un date avec Steve ou non ?
2025-06-11T22:04:42,lya_0210,ANYYYYME
2025-06-11T22:04:42,azphoxu,T'es fesses
2025-06-11T22:04:43,aksalm0n,Faite un faux enlevement avec m.Zoo
2025-06-11T22:04:43,lea_sprtr,Natasha
2025-06-11T22:04:44,aly_srn_10,@younes_khl ouii il lq toujours il a √©t√© le voir tt √† l'heure et tt va bien mdr
2025-06-11T22:04:44,clarapnt246,ELLLLLLSZAAAAAAAAAA
2025-06-11T22:04:44,thepinguinnn,en vrai isolde y'aura du monde
2025-06-11T22:04:44,bfljdl44,Montr l Q
2025-06-11T22:04:45,leeloumieres__,NATASHA
2025-06-11T22:04:45,m8proutland,Y'a pas dwarmss
2025-06-11T22:04:46,adataie,OUBLIE PAS LA CARTE DE LA BANQUE
2025-06-11T22:04:46,ouertui,isolde ca peut etre drole
2025-06-11T22:04:46,fsr2srr,enlevez hctuan
2025-06-11T22:04:46,etpaf_lamygale,Samous il √©clate byilhann
2025-06-11T22:04:46,vexo_pog,Tu tien t√™te au protecteur avec ton super BBL nan?
2025-06-11T22:04:47,vinnciana,Steve connais pas votre identit√© ?
2025-06-11T22:04:48,ethan_minot_,Si vous vous filmez en TEAM CLAQUETTE il saura que c‚Äôest vous
2025-06-11T22:04:48,lulu_abr,le BBL
2025-06-11T22:04:48,mino_v78,keido sinon
2025-06-11T22:04:49,xirpuoc,sert toi de ta BBL
2025-06-11T22:04:49,cisco100809,kali c'est bien de fou
2025-06-11T22:04:50,meg02j,"TON BB,"
2025-06-11T22:04:50,alyssia_la_carpe_koi,Mais il est mari√© !!! Steve est mari√©
2025-06-11T22:04:50,noah_sauvage,dward
2025-06-11T22:04:50,louisexxxxx,le neuil et Keido
2025-06-11T22:04:51,thelegendekil,Dragon üê≤
2025-06-11T22:04:52,edeletraz,bloom???? elle vient ce soir ou pas ?
2025-06-11T22:04:52,corazonrld,comme tu as un coup avec steve met le masque et c toi qui est enferm√©
2025-06-11T22:04:52,mrcor_r,Steve ou le policier
2025-06-11T22:04:53,mervex54,montre ton bleu
2025-06-11T22:04:53,hvk_syruca,Il s'est pass√™ quoi depuis le d√©but du live ?
2025-06-11T22:04:54,lea_sprtr,NATASHAAAAAA
2025-06-11T22:04:54,monkey_d_karim,pouvoir
2025-06-11T22:04:55,ambrecesar,Va voir le neuille
2025-06-11T22:04:55,srt__lucastordu11,FROZEN
2025-06-11T22:04:57,hanae100,Neuille va manquer √† kal
2025-06-11T22:04:58,kochgisele6,mais le mari de steve au pire
2025-06-11T22:04:58,brs_kalixx,Kali elle dois √™tre blind√© avec sa galerie d'art
2025-06-11T22:05:00,z_kazetsu_z,Enlevez steve et menacez de leak son affaire facile
2025-06-11T22:05:00,elianadrsv,Natasha pourrait sauver mousieur
2025-06-11T22:05:01,r0muald08,mettez vous d‚Äôaccord avec steve pour l‚Äôenlever et vous demander une rancon
2025-06-11T22:05:01,mothros,Le neuille tien beaucoup √† Kali
2025-06-11T22:05:02,lleema,Incluez posuu au plannn
2025-06-11T22:05:02,luc03max,Kali
2025-06-11T22:05:03,emma_xixi,BLOOM N‚ÄôEST PAS LA CE SOIR
2025-06-11T22:05:05,kyltrapp89,Salut j'ai louper quoi ?
2025-06-11T22:05:06,clarapnt246,ELLLLLSAAAAAAAA LE CACACAAA
2025-06-11T22:05:06,nevaay1_,hahahahha.
2025-06-11T22:05:06,emmastulipe,BBL PRIME
2025-06-11T22:05:06,jl_david26,ta la carte de la banque profite qu'ils sont tous la avant le laser game
2025-06-11T22:05:07,clarisse1005,LUL LUL LUL
2025-06-11T22:05:08,el_naaaa,KALEVIS VA ETRE FOUS SI LE NEUILLE DISPARUET
2025-06-11T22:05:09,assaut_neyzen,Let's go
2025-06-11T22:05:10,maroua_sz,MDRRRRRRRRRRRRRRRR
2025-06-11T22:05:11,alex1234andre,zafeeeeeeeeeeeeeeeel
2025-06-11T22:05:11,chachou064,‚Ä¶‚Ä¶..
2025-06-11T22:05:12,lokhugo,Frozen
2025-06-11T22:05:12,el_sa25,@clarapnt246 Claraaaaaaaaaaa√†a
2025-06-11T22:05:13,mrcor_r,steve ou le protecteur
2025-06-11T22:05:14,syloween,@hanae100 c fini √ßa kal il en a plus rien a faire du neuil
2025-06-11T22:05:16,mister_yla,au non mdr
2025-06-11T22:05:17,chuuya333,Ah si il vas manquer √† Kal
2025-06-11T22:05:18,gabinoua,PK T EMBROUILLER AVEC THEGUILLL
2025-06-11T22:05:19,heloday_,ouiiii le bbl
2025-06-11T22:05:19,enstil_,MDR
2025-06-11T22:05:20,octavehell,Le BBLLLLL
2025-06-11T22:05:22,clarapnt246,ELLLLSAAAA11A111
2025-06-11T22:05:22,maroua_sz,OEEEEEE LE BBL
2025-06-11T22:05:23,pyroxsy,mdr les modo sont trop fort pour le mods mdr*
2025-06-11T22:05:23,redx4422,LES GENS faut un peu demander pour le date avec bloom nn ?
2025-06-11T22:05:24,emmy_075,mdrrrr
2025-06-11T22:05:24,lele_bln3002,mais faite pas le 1 du classement faite le2
2025-06-11T22:05:25,the__ted,Equipe de 2
2025-06-11T22:05:25,edeletraz,ok
2025-06-11T22:05:26,alyssia_la_carpe_koi,Vous avez d√©couvert qu'il √©tait mari√© Steve
2025-06-11T22:05:32,prg_apollo,LUL LUL LUL tu t vraiment fais scam
2025-06-11T22:05:32,ryze_vous_regarde,En vrai simuler un enl√®vement pour blanchir l'argent de la banque
2025-06-11T22:05:33,clarapnt246,elsa
2025-06-11T22:05:33,sachou_pr,mdrr ü§£
2025-06-11T22:05:34,starsbrawl_9,mdrrrrrrr
2025-06-11T22:05:34,laf_gtn,Natasha va s√ªrement sauver mousieur
2025-06-11T22:05:35,alitalune,LUL LUL LUL LUL
2025-06-11T22:05:38,nishmuu,jppp
2025-06-11T22:05:39,mauihonolulu,bilayyyyy
2025-06-11T22:05:39,luvsayuri,mdrrrr BBBLLLLLLL
2025-06-11T22:05:39,minatolepgm,"Guill vient de dire en steam qu'il voulait rejoindre crazy town, whitelist le"
2025-06-11T22:05:41,legende40260,On voit pas
2025-06-11T22:05:41,el_sa25,@clarapnt246 Quoi?
2025-06-11T22:05:42,nazaaaa9,LUL LUL LUL
2025-06-11T22:05:42,mister_yla,mdr
2025-06-11T22:05:42,sasha_jdf,@alyssia_la_carpe_koi son mari est parti en vacances‚Ä¶
2025-06-11T22:05:42,kazutora_bananier,ah c'est √ßaaa
2025-06-11T22:05:42,haru_pw,le DERCHE
2025-06-11T22:05:44,k_rine_3,LUL LUL LUL LUL
2025-06-11T22:05:45,lxlokcl,MDRRRRR
2025-06-11T22:05:46,nevaay1_,HAHAHAHAHA
2025-06-11T22:05:47,shunlem0uton,wow
2025-06-11T22:05:48,xirpuoc,essaye quand meme
2025-06-11T22:05:49,inayaa_11,CHARGER EN BAS
2025-06-11T22:05:49,kaaal_0,Ptdrr comment √ßa ce fait qu'il a √ßa
2025-06-11T22:05:50,lapizzaelamama,ü§£ü§£ü§£ü§£
2025-06-11T22:05:51,flowellee,PTDRRR INTELLIGENT ET CHARGE EN BAS
2025-06-11T22:05:53,nazaaaa9,PTDRRR
2025-06-11T22:05:53,prg_apollo,LUL LUL
2025-06-11T22:05:54,ryze94310,MercyWing1 MercyWing1 MercyWing2 MercyWing2
2025-06-11T22:05:55,goodvibeslavie,Ahhhaaahhaa1
2025-06-11T22:05:56,nico_01378,Il voulais un superpouvoirs il a eu un super boulard
2025-06-11T22:05:57,mme_mils,Sors le Q
2025-06-11T22:05:57,syhnsama,hahahahah
2025-06-11T22:06:00,edeletraz,c quoi un bbl ???
2025-06-11T22:06:00,hpcampos_2000,intelligent et charger en bas
2025-06-11T22:06:01,hvkalvin,Yo
2025-06-11T22:06:03,clarisse1005,LUL LUL LUL
2025-06-11T22:06:05,mouk63,On voi rien
2025-06-11T22:06:06,pasbesoinsdesavoirquies,Pour le coup il est vraiment intelligent et charg√© en bas
2025-06-11T22:06:08,nevaay1_,hahahahaha
2025-06-11T22:06:08,kazutora_bananier,MDRR
2025-06-11T22:06:10,the_sam2am,LUL LUL LUL LUL
2025-06-11T22:06:10,daylaluv,LUL LUL LUL LUL
2025-06-11T22:06:10,elaavine,LUL LUL
2025-06-11T22:06:11,cocooooooox,PTDRRRRRRRRRRR
2025-06-11T22:06:11,xares24,F5
2025-06-11T22:06:12,harmonie101112,ont voit rien
2025-06-11T22:06:12,tao1018371,Mdrrrrr
2025-06-11T22:06:12,emmy_075,mdr
2025-06-11T22:06:13,emy_labest123,Helo
2025-06-11T22:06:14,nishmuu,HAHAHAHAH
2025-06-11T22:06:14,5am_sam_,mdrrrr
2025-06-11T22:06:14,aydolenn,hahahahaha
2025-06-11T22:06:14,elaavine,MDRR
2025-06-11T22:06:15,helyos__,LUL
2025-06-11T22:06:16,may_o2,LUL LUL LUL
2025-06-11T22:06:16,keliamzz,LUL LUL LUL
2025-06-11T22:06:16,hptr92,on voit rien
2025-06-11T22:06:17,ni0aten,PTDRRRR
2025-06-11T22:06:17,e_lea_99,Mdrrr sam derri√®re
2025-06-11T22:06:17,alitalune,LUL LUL LUL LUL
2025-06-11T22:06:18,eyvine,MMDDRRR
2025-06-11T22:06:18,flaavie_h,mdrrrrrrr
2025-06-11T22:06:18,maia_sy21,MDRRR
2025-06-11T22:06:18,edene_2811,AHAHAAHAHAHAHA
2025-06-11T22:06:18,therayquaza_,Ajahahhahaha
2025-06-11T22:06:19,m8nina_,MDMDMDRR
2025-06-11T22:06:19,luxubou,MDRR
2025-06-11T22:06:19,sim_ybna,LUL LUL LUL
2025-06-11T22:06:19,meg02j,MDRRRR
2025-06-11T22:06:19,mister_yla,babahahbabahahhahba
2025-06-11T22:06:19,maxja05,bahahahahaah
2025-06-11T22:06:19,ozone_tpn,MDR WSH
2025-06-11T22:06:19,chepasmoi345,zdouffMdrr zdouffMdrr zdouffMdrr zdouffMdrr zdouffMdrr
2025-06-11T22:06:19,wendy_fairytail88,Mdr
2025-06-11T22:06:20,elaavine,BAHAHAH
2025-06-11T22:06:20,zeimoxx,mdr
2025-06-11T22:06:20,pand0raa___,@edeletraz gros boulard
2025-06-11T22:06:20,kazutora_bananier,MDRRRR
2025-06-11T22:06:20,pyroxsy,xd
2025-06-11T22:06:21,nevaay1_,HAHAHAHAHAHHAHA
2025-06-11T22:06:21,noemie_mrt1,HAHAHAHHA
2025-06-11T22:06:21,marina_xts,MDRRRR
2025-06-11T22:06:21,leo_lep_,BHAHAHAHAH
2025-06-11T22:06:21,enaelay,mdrrrr
2025-06-11T22:06:21,son_gayo_02,mdrrrrr
2025-06-11T22:06:22,erax2v,BAHAHAHA
2025-06-11T22:06:22,ophe_liah,ptdrrrrrr
2025-06-11T22:06:22,crazy_zafuu,MDR
2025-06-11T22:06:22,polosolis,JE SUIS MOOOORTRE
2025-06-11T22:06:22,leila594,AHAHHAHQHQHHA
2025-06-11T22:06:22,renardon528,Intelligent et charg√© en bas
2025-06-11T22:06:23,syhnsama,PTDRRRRRRRR
2025-06-11T22:06:23,mtr572,y‚Äôa mousieurrrr
2025-06-11T22:06:23,edeletraz,mdrrrrr
2025-06-11T22:06:23,helo9se,POPOPOPO
2025-06-11T22:06:23,warty0_0,mdrrrrrrrrr
2025-06-11T22:06:23,shunlem0uton,MAIS
2025-06-11T22:06:24,julie5976,MDRRRRRR
2025-06-11T22:06:25,anahst,MDMDMRMRR
2025-06-11T22:06:25,enstil_,mdr
2025-06-11T22:06:25,saliha1280,MDRRRRR
2025-06-11T22:06:26,cisco100809,mdrr
2025-06-11T22:06:26,maeliosastudio,terraHm terraHm terraHm terraHm terraHm terraHm terraHm terraHm
2025-06-11T22:06:26,tomflannagahn,BAHAHAHAHA
2025-06-11T22:06:27,tao1018371,Bahahaha
2025-06-11T22:06:27,lleema,MDRRRR
2025-06-11T22:06:27,octavehell,LUL LUL LUL LUL
2025-06-11T22:06:27,lacarottetapeur57,Mdrrr
2025-06-11T22:06:28,heugstar_,AHAHHAAHAHAHAHA
2025-06-11T22:06:28,lumix97432,mdrrrrrrrrr
2025-06-11T22:06:29,soafia_8,msrrrrr
2025-06-11T22:06:29,joum___,MDRRR
2025-06-11T22:06:29,maroua_sz,MDRRRRRRRRRRRRRRR AVEC MOUSIEUR DERRIERE
2025-06-11T22:06:29,emmastulipe,Mdrrrrrr
2025-06-11T22:06:29,yura__cat,Bhaaaaaaa
2025-06-11T22:06:30,starsbrawl_9,hahahahahahahahahahaha
2025-06-11T22:06:30,waterkangoeroe,le lazer game
2025-06-11T22:06:30,newsnowlebg,mdrrrrrrrrrrr
2025-06-11T22:06:31,edene_2811,MDRRRRRRRR
2025-06-11T22:06:31,d8nji,L'instinct animal reviens ?
2025-06-11T22:06:31,annakaiyo,MDRRR C HILARANT
2025-06-11T22:06:32,pipedream33__,jppppp
2025-06-11T22:06:33,lummi___,Pololololooooo
2025-06-11T22:06:33,the_sam2am,LUL LUL LUL LUL LUL LUL LUL
2025-06-11T22:06:33,intleachtuil,@saliha1280 c‚Äôest √ßa qui est √ßa
2025-06-11T22:06:33,mrc_etienne,C'est quoi le truc √† c√¥t√© des crazycoin?
2025-06-11T22:06:34,nerea_rsl,JSUIS EN PLEURE
2025-06-11T22:06:35,bfljdl44,Demande au staff
2025-06-11T22:06:35,k_rine_3,LUL LUL LUL
2025-06-11T22:06:35,denkaiii_,JinxLUL JinxLUL JinxLUL
2025-06-11T22:06:36,wellko__,XXDD
2025-06-11T22:06:36,prg_apollo,MDRRRR
2025-06-11T22:06:36,n4th4nkdu44,Mais pq ton pouvoir marche pas
2025-06-11T22:06:36,saliha1280,LUL LUL LUL LUL LUL LUL
2025-06-11T22:06:36,louannda,ü§£ü§£
2025-06-11T22:06:37,saya1710,Eh jpp
2025-06-11T22:06:37,harmonie101112,lumi√®re
2025-06-11T22:06:37,oriane_lan,Je vien d'arriver il se passe quoi ?
2025-06-11T22:06:37,elsa_0113,MAIS BAHAHAHHAHAA
2025-06-11T22:06:37,maehbt,Mdrrrrrr
2025-06-11T22:06:37,jojotisme,üòÇüòÇüòÇüòÇüòÇ
2025-06-11T22:06:37,m8_calmar,BAAHAHAAHAHAHAAAAA
2025-06-11T22:06:38,maxx_dms,bah il est excite le reuf l√†
2025-06-11T22:06:39,mamafrdu70,JPPPPP
2025-06-11T22:06:39,divinegldr,LUL LUL LUL LUL LUL LUL
2025-06-11T22:06:39,suziefp,mdrrr
2025-06-11T22:06:39,dj_pampl3mouss3,PTDRRR
2025-06-11T22:06:40,rommytek6,LUL LUL
2025-06-11T22:06:41,y0niche,LUL LUL LUL LUL LUL
2025-06-11T22:06:41,waterkangoeroe,aller au lazer game
2025-06-11T22:06:41,enaelay,LE POUVOIR DU BBL
2025-06-11T22:06:41,ethan_minot_,ouvre un crazyfan
2025-06-11T22:06:42,maroua_sz,A LES FOUUUUUUUUUUUUUUS
2025-06-11T22:06:43,arkane_94,mdrr
2025-06-11T22:06:43,oceaneecrz,MAIS HAHAHAHHAHA
2025-06-11T22:06:43,son_gayo_02,mdrrrr demande a la prode de rajouter lapplis
2025-06-11T22:06:43,aaliyahtheempress,kim k en sueur mdrrr
2025-06-11T22:06:44,dumbasswag,MDRRR j‚Äôarrive au meilleur moment
2025-06-11T22:06:44,chuuya333,LUL LUL LUL LUL LUL LUL LUL LUL
2025-06-11T22:06:44,the_sam2am,LUL LUL
2025-06-11T22:06:45,leo_lep_,Un crazyfan
2025-06-11T22:06:45,nevaay1_,HZHAHAHAHAHA
2025-06-11T22:06:46,enstil_,le of qui tombe
2025-06-11T22:06:46,wellko__,mmddrr
2025-06-11T22:06:47,dylan280907,üòÇüòÇüòÇüòÇ
2025-06-11T22:06:47,anahst,10 cc le only fan
2025-06-11T22:06:47,0kimi_,Bonsoir!
2025-06-11T22:06:47,clarisse1005,BAHAHA
2025-06-11T22:06:47,m8_nathan_12n,PTDRR
2025-06-11T22:06:47,stars__24,MDRRR
2025-06-11T22:06:47,pyroxsy,mdr id√©ee de fou
2025-06-11T22:06:48,harmonie101112,je voit rien
2025-06-11T22:06:48,emy_labest123,PopNemo PopNemo
2025-06-11T22:06:48,yns_270210,la team claquettes sous bal
2025-06-11T22:06:49,karamellleee,oh NON BAHAHA
2025-06-11T22:06:49,martimlps3,mdrrr
2025-06-11T22:06:50,ammyqaffifff,Crazyfan
2025-06-11T22:06:52,alpha_1042,Mdrrrrr
2025-06-11T22:06:52,ponox974,fait un strip a la chicha
2025-06-11T22:06:53,baleinesbleu22,le crazyfan
2025-06-11T22:06:55,mapologyyy,crazybabe
2025-06-11T22:06:55,markoomax,meme vendre du caca√† kali √† ce point
2025-06-11T22:06:55,hugrec52,il y aura bloom
2025-06-11T22:06:55,yura__cat,Mdrrrrrr
2025-06-11T22:06:56,agathemlr,il y a bloom ?
2025-06-11T22:06:56,saya1710,Eh je suis en fou rire j'ai mal au ventre carr√©ment
2025-06-11T22:06:56,safber32,streaptiss chez annym @Mastu
2025-06-11T22:06:57,gagasdu83,le crazyfan qui ouvre
2025-06-11T22:06:57,eleana333,Hahaha
2025-06-11T22:06:58,lucas031809,on peut avoir la rediffusion sur Twitch ???
2025-06-11T22:06:58,enstil_,LUL LUL LUL LUL
2025-06-11T22:06:59,harmonie101112,pii√© lumi√®er
2025-06-11T22:06:59,le_frere_de_duolingo,salut j‚Äôai loup√© le d√©but du live il s‚Äôest passe quoi svp ?
2025-06-11T22:07:00,n12344556,Laser game
2025-06-11T22:07:00,lacarottetapeur57,Mdrr
2025-06-11T22:07:00,soulkambo,Un CrazyFan Jpp LUL LUL LUL LUL
2025-06-11T22:07:00,gryfe2o,bloom va rien comprendre
2025-06-11T22:07:00,mme_mils,Bahahaha
2025-06-11T22:07:01,inesrvr,retourne √† la chicha pour faire stripteaseur
2025-06-11T22:07:01,le_neuilie,sauvetage
2025-06-11T22:07:02,chuuya333,IL VEUX IL VEUX THOMAS LUL LUL LUL
2025-06-11T22:07:02,angie_9867,Team claquette sous bbl LUL
2025-06-11T22:07:02,xirpuoc,Crazyfans
2025-06-11T22:07:03,sanea_023,oublie pas ta la carte de la banque
2025-06-11T22:07:03,blublublub3,va dancer √† la chicha
2025-06-11T22:07:03,a_brds,c'est hilarant mdrr
2025-06-11T22:07:03,orange___king,INCRIYABLE
2025-06-11T22:07:04,ethan_minot_,Crazyfan MDRRR fais une appli
2025-06-11T22:07:04,alpha_1042,Crazyfan
2025-06-11T22:07:04,wif_wtwitch,@
2025-06-11T22:07:04,syloween,J'avoue crazyfan c bien trouv√© tchat
2025-06-11T22:07:05,seyiatv,"Go cr√©er le ""CrazyFan"" @Mastu"
2025-06-11T22:07:05,gael_lyonnais_,C'est un sacr√© p√©tard
2025-06-11T22:07:06,yns_270210,crazybbl
2025-06-11T22:07:06,hvrd_hydr4,tu travail d√©j√† √† la chicha
2025-06-11T22:07:07,amiraaaab,faut ABSOLUMENT que tu fasse un spectacle a la CHICHA avec la barre de pole dance
2025-06-11T22:07:09,raniosh,mon reve omgg
2025-06-11T22:07:10,naomi_ytb_,Ya monsieur qui a entendu
2025-06-11T22:07:10,alex1234andre,tu dois vendre les chapeaux pattes de tanukie
2025-06-11T22:07:11,nolxos,MDR JE VIENS D'ARRIVER LA PREMI√àRE CHOSE QUE J'ENTENDS C'EST*je crois je vais ouvrir un onlyfan*
2025-06-11T22:07:12,minatolepgm,"Guill vient de dire en stream qu'il voulait rejoindre crazy town, whitelist le"
2025-06-11T22:07:14,skyblue22002,Only town
2025-06-11T22:07:14,n4th4nkdu44,Demande a la prod pour ton pouvoir
2025-06-11T22:07:15,arkane_94,buiseness a 2 a l'odeur de l'amoour ah
2025-06-11T22:07:16,netsirklevrai,slt est-ce qu'il y a un modo ici?
2025-06-11T22:07:16,assaut_neyzen,Paie la deuxi√®me moiti√© pour avoir ton pouvoir nn?
2025-06-11T22:07:17,romanebartiaux,Crazyfan j'avoueee
2025-06-11T22:07:18,ppppppppppppppppp640,dans 3 min laser game
2025-06-11T22:07:19,ponox974,va danser a la chicha
2025-06-11T22:07:21,ace090814,Dans 3min la partie de crazy game
2025-06-11T22:07:22,monkey_d_karim,o la la mellissa quelle tarp√©e a non c jason
2025-06-11T22:07:23,markoomax,2min
2025-06-11T22:07:24,legeflag,la carte
2025-06-11T22:07:24,3502110009937,3 minutes
2025-06-11T22:07:24,une_pompotee,chat chat
2025-06-11T22:07:24,adataie,FAIT LE CRAZYFAN
2025-06-11T22:07:25,ethan_minot_,qu‚Äôon L‚ÄôISOLDE un peu‚Ä¶
2025-06-11T22:07:26,enora7142,il risque pas de cramer si vous lui demander ?
2025-06-11T22:07:26,aantheaaa,c'est pas mal pr danser au bar a chicha √ßa
2025-06-11T22:07:28,le_neuilie,crazy fan
2025-06-11T22:07:28,shayro_off,fais une appli crazyfan
2025-06-11T22:07:29,alyssia_la_carpe_koi,Mastu vous avez d√©couvert que Steve √©tait mari√©
2025-06-11T22:07:30,aly_srn_10,@amiraaaab mais oui haha !!
2025-06-11T22:07:31,floflo_6080,Jetait pas la il c'est pass√© quoi depuis tout a l heure
2025-06-11T22:07:32,hvrd_hydr4,donc sripteaser a la chicha
2025-06-11T22:07:34,rayan_298,Va √† la banque durant le laser game
2025-06-11T22:07:34,vortex16839,Il c‚Äôest passer quoi svp
2025-06-11T22:07:36,renardon528,Va danser √† la chicha tu vas faire de l'argent
2025-06-11T22:07:36,ghost_9720,enl√®ve hctuan quand il est masqu√© parce qu‚Äôil tient bien √† lui mais il sait pas que c‚Äôest hctuan
2025-06-11T22:07:37,emmastulipe,Oublie pas le laser game
2025-06-11T22:07:38,hvkalvin,Tu mettre la cam
2025-06-11T22:07:39,lolo_lolo356,CRAZYFAN B√äTE D‚ÄôID√âE
2025-06-11T22:07:45,alicia_ques2,mettez vous en team claquettes svpp
2025-06-11T22:07:47,lepancreasdefunky,Demande au papillon sinon pour le pouvoir
2025-06-11T22:07:48,litroxx_,Salut vous pouvez me dire ce qui s'est pass√© j'ai rat√© le d√©but ? Les 40 premi√®res minutes
2025-06-11T22:07:48,r0m4ne_13,demandez a tout le monde sinon c cram√©
2025-06-11T22:07:50,victor_97110,CRAZYFAN üî•üî•üî•üçëüçëüçë
2025-06-11T22:07:51,saya1710,Striptease √† la chicha avec ton BBL
2025-06-11T22:07:55,syloween,@alyssia_la_carpe_koi oui mais √©vite de redire ce genre d'info tu peux spoil sans faire expr√®s
2025-06-11T22:07:56,tina_bear44,Crazyfan ou onlycazy ? üßê
2025-06-11T22:07:58,tktttsdk,MONSIEURRRRR
2025-06-11T22:08:03,lolo_lolo356,LE CRAZYFANNNN
2025-06-11T22:08:04,harmonie101112,je voit riennnnnnnnnnn
2025-06-11T22:08:05,didieluffy,Yo
2025-06-11T22:08:06,inayaa_11,@Saya1710 ü§£ü§£ü§£ü§£
2025-06-11T22:08:07,kumolight_en_stream,3V3
2025-06-11T22:08:07,vortex16839,3v3
2025-06-11T22:08:08,melkolo,Hito Hito no mi model BBL
2025-06-11T22:08:10,kazutora_bananier,√ßa retr√©ci tout vous pensez?
2025-06-11T22:08:10,syloween,@tina_bear44 crazyfan c mieux
2025-06-11T22:08:11,prg_apollo,Wsh raff il est solide
2025-06-11T22:08:12,ryze_vous_regarde,3v3
2025-06-11T22:08:12,netsirklevrai,slt est-ce qu'un modo ou qn de gentil pourrait me donner svp une review de tout ce que g loupe sur le live d'ajd? merci
2025-06-11T22:08:16,edene_2811,Un dieu
2025-06-11T22:08:17,blue_kumo,mastuPerplexe mastuPerplexe mastuPerplexe
2025-06-11T22:08:18,the_sam2am,3v3
2025-06-11T22:08:19,el_naaaa,Mastu si vous prenez le neuill3 kaleviz va √™tre fou va payer le pris que tu veux
2025-06-11T22:08:20,hvkalvin,Vous avez aussi un √©cran noir ou pas
2025-06-11T22:08:22,ibr12him,YO
2025-06-11T22:08:24,ines__idds,saluttt
2025-06-11T22:08:29,luluhwang_,il est co sam?
2025-06-11T22:08:30,jl_bastrum,@hvkalvin non
2025-06-11T22:08:31,mtr572,@hvkalvin nn
2025-06-11T22:08:37,pavelno_le_coquelicot,@hvkalvin refresh le stream
2025-06-11T22:08:38,renardon528,@hvkalvin Non
2025-06-11T22:08:39,92maxout,mousieur est policier
2025-06-11T22:08:44,mae_bst,on peux m‚Äôexpliquer svp je comprends pas ce qui se passe
2025-06-11T22:08:44,intch4chw,EleGiggle
2025-06-11T22:08:45,redx4422,LES GENS faudrait pas dmd pour un DATE avec BLOOM un de ces jours
2025-06-11T22:08:47,shly973,mais sam est pas l√†
2025-06-11T22:08:47,lleema,@el_naaaa Nann askip il l'aime plus
2025-06-11T22:08:48,dodo_94550,incroyable
2025-06-11T22:08:49,syloween,@el_naaaa mais les gars soyez a jour kalevis n'est plus du tout into zaf bien au contraire
2025-06-11T22:08:49,stevencnt93800,salut
2025-06-11T22:08:54,09missa,Ouiiiiiii
2025-06-11T22:08:55,parzishiny,@netsirklevrai ils ont ouvert des boosters wankil et ils ont fait du parc d'attraction
2025-06-11T22:08:59,solion2025,mastu gagne
2025-06-11T22:09:01,simeon784,incroyable
2025-06-11T22:09:01,cheyennn_n,les gal√®res dans la vraie vie mddrr
2025-06-11T22:09:02,noecrvl,comment on predit
2025-06-11T22:09:02,melissatchoum,@stevencnt93800 slt
2025-06-11T22:09:03,tarcross,yo mastuuuuuuuuuuuuuuuuuuuuuu
2025-06-11T22:09:04,renardon528,@mae_bst Un lasergame √† crazyland
2025-06-11T22:09:05,lepancreasdefunky,@netsirklevrai le crazyland a ouvert et le dragon de mastu a √©t√© d√©couvert par une organisation secr√®te
2025-06-11T22:09:07,prg_apollo,On croit en toi
2025-06-11T22:09:08,09missa,Oui Mastu gagne
2025-06-11T22:09:08,natsuki_light,bloom va √™tre l√† dimanche? :')
2025-06-11T22:09:09,mtr572,@redx4422 Oe surtout  que √ßa finit dipanche
2025-06-11T22:09:10,ivan77340,all in sur non
2025-06-11T22:09:12,eillorsy,POSUU
2025-06-11T22:09:13,intch4chw,mon gars att EleGiggle
2025-06-11T22:09:16,mister_yla,force
2025-06-11T22:09:19,sah_jsuis_fort,J'ai tout mis sur win mastu ta interet
2025-06-11T22:09:20,strechydream,!prediction
2025-06-11T22:09:23,nikaa_012,@natsuki_light vu que c'est la derni√®re y'a moyen
2025-06-11T22:09:26,le_frere_de_duolingo,salut il s‚Äôest passe quoi depuis le d√©but du live ?
2025-06-11T22:09:26,arthur_pon,mastu et ses cousins
2025-06-11T22:09:28,lepiratess,Ouii !
2025-06-11T22:09:29,redx4422,@mtr572 OUAIS VOILA
2025-06-11T22:09:29,saraaaaa2882222,gagne stp
2025-06-11T22:09:30,elipt365,mastuFreeflag mastuFreeflag mastuFreeflag mastuFreeflag mastuFreeflag mastuFreeflag mastuFreeflag mastuFreeflag mastuFreeflag mastuFreeflag mastuFreeflag mastuFreeflag mastuFreeflag mastuFreeflag mastuFreeflag mastuFreeflag mastuFreeflag
2025-06-11T22:09:30,nightbot,@elipt365 -> Inutile de Spam l'ami ;) [warning]
2025-06-11T22:09:30,alycia0474,mastu 500point pour toi la üôèüèºüòî
2025-06-11T22:09:31,wendy_fairytail88,Aller c'est parti
2025-06-11T22:09:31,leader424242,!prediction
2025-06-11T22:09:32,spilkys,en bombe natasha ce soir mdrrr
2025-06-11T22:09:35,mtr572,@redx4422 dimanche
2025-06-11T22:09:36,alitalune,LUL LUL LUL
2025-06-11T22:09:37,kazutora_bananier,mdrrr
2025-06-11T22:09:38,lefannedefugu66,mastuFreeflag mastuFreeflag mastuFreeflag mastuFreeflag mastuFreeflag mastuFreeflag
2025-06-11T22:09:41,pyroxsy,sous ost en legzende
2025-06-11T22:09:42,wendy_fairytail88,! pr√©diction
2025-06-11T22:09:42,lunatic0ntwitch1,Posu c samous
2025-06-11T22:09:42,alicia_ques2,tu lives demain ?
2025-06-11T22:09:43,ace090814,Je mei
2025-06-11T22:09:43,shunlem0uton,bahahaha
2025-06-11T22:09:44,bongeoure,j'ai mis 2750 j'espere
2025-06-11T22:09:46,daylaluv,team claquette???
2025-06-11T22:09:46,didieluffy,J‚Äôai pas compris se qui se passe
2025-06-11T22:09:48,manoah_73,il ont d√©j√† fait le laser
2025-06-11T22:09:48,cara_bistouillie,coucou
2025-06-11T22:09:48,clothure_tkt,a la claquette
2025-06-11T22:09:48,alitalune,Les droits d'auteur en sueur
2025-06-11T22:09:49,hamilton_god,10k il win allez mastu
2025-06-11T22:09:49,nokzere_,20 000 points sur toi mastu !!
2025-06-11T22:09:49,starzbear,!myuptime
2025-06-11T22:09:49,erax2v,EN MODE SAMOUUUS OUU
2025-06-11T22:09:49,tomigun2239,j‚Äôai all in sur non
2025-06-11T22:09:50,prg_apollo,LUL l'ost de fou LUL
2025-06-11T22:09:51,shly973,La pose de la team claquette üòÇüòÇ
2025-06-11T22:09:53,laure_colas,j‚Äôesp√®re que tu vas gagner
2025-06-11T22:09:53,ace090814,Je mis 150 qui perd
2025-06-11T22:09:53,clara_my_art,"@netsirklevrai dimanche la fin de crazytown, mastu a une bbl gr√¢ce √† l'agent de police, il y a le crazyland, ils veulent peut √™tre enlever isolde..."
2025-06-11T22:09:54,laura0898,je crois en vous
2025-06-11T22:09:55,intch4chw,avec la bbl on te donnera des crazytown gratos
2025-06-11T22:09:56,hvkalvin,OK merci les gars
2025-06-11T22:09:56,xxyolomen18xx,deso pas deso
2025-06-11T22:09:56,keillylollol,bjr
2025-06-11T22:09:56,maroua_sz,MDRRRRRR
2025-06-11T22:09:57,a80bdu91,mastu j‚Äôai all in stp perd üôèüèΩ
2025-06-11T22:09:57,zaapotec,!prediction
2025-06-11T22:09:58,julie5976,vous allez d‚Äôun
2025-06-11T22:09:58,val_b7,believe
2025-06-11T22:09:59,lefannedefugu66,BrokeBack BrokeBack BrokeBack BrokeBack BrokeBack BrokeBack SoBayed SoBayed
2025-06-11T22:09:59,elaavine,LUL LUL
2025-06-11T22:10:00,l_dtr,aller
2025-06-11T22:10:00,k_rine_3,Let's goooo
2025-06-11T22:10:02,kazutora_bananier,toujours croire en Mastu
2025-06-11T22:10:02,angie_9867,la redif est foutue LUL
2025-06-11T22:10:03,netsirklevrai,"@ParziShiny oh d'accord, riend d'autre? quelque chose a voir avec la team clasquette? hctuan? le date de hctuan? bloom?"
2025-06-11T22:10:03,shayro_off,!pr√©diction
2025-06-11T22:10:05,velomototrotinette240912,22/10
2025-06-11T22:10:05,elipt365,my bad excusez moi
2025-06-11T22:10:05,baleinesbleu22,oui
2025-06-11T22:10:06,laf_gtn,WESH MONSIEUR ZOUüò≠
2025-06-11T22:10:06,zakyzz_,@lunatic0ntwitch1 non c‚Äôest Sam son monteur je crois
2025-06-11T22:10:06,arthur_pon,les cousins
2025-06-11T22:10:07,skyling003,Il demande alors qu'il la mise au d√©but LUL
2025-06-11T22:10:08,nailil__,CHAUSSURE
2025-06-11T22:10:08,e_lea_99,J'ai d√©pense 25 point de cha√Æne t'as int√©r√™t √† gagner
2025-06-11T22:10:09,hptr92,la team kekette
2025-06-11T22:10:10,diabolie_s21,ocucouu
2025-06-11T22:10:10,celena_15,La team claquette
2025-06-11T22:10:10,cissor_,CHAUSETTE
2025-06-11T22:10:11,divinitykapa,ENFIN je peux regarder le live j'en avais marre que mon pc ne fonctionner plus
2025-06-11T22:10:12,caacaaboudina,Aller mastus
2025-06-11T22:10:12,redx4422,@mtr572 ALORS faut forcer pour un date les gens
2025-06-11T22:10:15,titouan_du_bled,LUL
2025-06-11T22:10:15,j_brt,CHAUSSETTE
2025-06-11T22:10:15,arkane_94,rocket
2025-06-11T22:10:16,noro2711,14000 il perd alllllllller
2025-06-11T22:10:16,tb_thomas_,rockette
2025-06-11T22:10:16,meg02j,CHAUSETTE
2025-06-11T22:10:17,velomototrotinette240912,22:10
2025-06-11T22:10:17,edene_2811,CHAUSETTE
2025-06-11T22:10:17,intch4chw,claque de la bbl
2025-06-11T22:10:17,rubenmrjd,j‚Äôen
2025-06-11T22:10:18,natsuki_light,@nikaa_012 c'est d√©j√† la derni√®re?! NotLikeThis
2025-06-11T22:10:19,aurelie_jff,J'ai mis 600...
2025-06-11T22:10:20,parzishiny,@netsirklevrai non rien d'autre :)
2025-06-11T22:10:20,rj_t_pas_net,crackhead
2025-06-11T22:10:20,daylaluv,team basket
2025-06-11T22:10:20,nevaay1_,CHAUSSETTE
2025-06-11T22:10:20,diabolie_s21,wshshsh
2025-06-11T22:10:21,t_rexgibus,Posuu en mode samousse heiiiiiiiin
2025-06-11T22:10:21,maureen_2912,team coquette
2025-06-11T22:10:22,netsirklevrai,@clara_my_art oh ok
2025-06-11T22:10:22,ayoub_199426,Chaussur
2025-06-11T22:10:22,shayro_off,!prediction
2025-06-11T22:10:22,cissor_,Chausette
2025-06-11T22:10:22,kazutora_bananier,oreo
2025-06-11T22:10:23,lilycandy2,Croquettes
2025-06-11T22:10:23,mathildeeeeee_,TEAM KEKETTE
2025-06-11T22:10:23,ewentbo44,Chaussette
2025-06-11T22:10:23,hvkalvin,Merci les gars pour l'√©cran noir
2025-06-11T22:10:24,gryfe2o,palzls‚Äôs‚Äô√©
2025-06-11T22:10:24,theunds,Chaussette
2025-06-11T22:10:24,the_sam2am,Chaussettes
2025-06-11T22:10:24,old_guimauve,slt
2025-06-11T22:10:25,kenzo35k,bjr
2025-06-11T22:10:25,sephora212,il ce est pass√© quoi depuis le d√©but
2025-06-11T22:10:26,lilioooooooooo,Oullalalala
2025-06-11T22:10:26,j_brt,CHAUSETTE
2025-06-11T22:10:28,kyltrapp89,D√©pouiller tout
2025-06-11T22:10:29,shunlem0uton,posuu veut devenir szmouss
2025-06-11T22:10:30,damsteur,la team chaussette
2025-06-11T22:10:30,eillorsy,chausette
2025-06-11T22:10:30,nishmuu,team paillette
2025-06-11T22:10:30,zoe_kzs,PTDRRRRRRR
2025-06-11T22:10:30,lepancreasdefunky,@clara_my_art hein ? Dou la fin dimanche et il ont jamais fit qu'il veulemt enlever isolde ?
2025-06-11T22:10:32,cissor_,Team chausette
2025-06-11T22:10:32,michaella_nightly,J'ai d√©pens√© 1000 points
2025-06-11T22:10:32,bapt07360,Mdrr
2025-06-11T22:10:32,lepi_lir,MDRR
2025-06-11T22:10:32,nikaa_012,MDRRR
2025-06-11T22:10:33,imbreathless,MDRRR
2025-06-11T22:10:33,tao1018371,Mdrrrrr
2025-06-11T22:10:33,renardon528,Croquettes
2025-06-11T22:10:33,tb_rydwan,oreo
2025-06-11T22:10:33,aaliyahtheempress,mdrrr
2025-06-11T22:10:34,luxubou,LA DINGUERIE
2025-06-11T22:10:34,rominhothegoat,TEAM CHAUSSETTE
2025-06-11T22:10:34,makemeginger,la team basket
2025-06-11T22:10:34,li_ju_ette,üíÄüíÄüíÄüíÄüòÇüòÇ
2025-06-11T22:10:35,maroua_sz,paillettes mdrrrr
2025-06-11T22:10:35,willocqnathan,Dlt
2025-06-11T22:10:35,enowhd,PTDRRRR
2025-06-11T22:10:36,enaelay,LA TEAM RACLETTE
2025-06-11T22:10:36,kazutora_bananier,PTDRR
2025-06-11T22:10:36,yamans54,mdr
2025-06-11T22:10:36,ast_alexxx,mdrrr
2025-06-11T22:10:36,cha__01,ptdrrrrr
2025-06-11T22:10:36,hb2b__,MDRRRR
2025-06-11T22:10:37,pyroxsy,mdr
2025-06-11T22:10:37,potter062,mdrrrr
2025-06-11T22:10:37,k_rine_3,LUL LUL LUL
2025-06-11T22:10:38,nishmuu,NATASHA AGAGAGAG
2025-06-11T22:10:38,the_sam2am,C'est mieux que claquette LUL LUL
2025-06-11T22:10:38,tao1018371,Natasha en roue libre
2025-06-11T22:10:38,ritafox,eh beh
2025-06-11T22:10:38,lleema,JPPPP
2025-06-11T22:10:39,mathlz57,MDRRRRRRRRRR
2025-06-11T22:10:39,alieck_,Mdr
2025-06-11T22:10:39,wendy_fairytail88,Pourquoi ma pr√©diction n'a pas march√©
2025-06-11T22:10:39,clarisse1005,LUL LUL LUL
2025-06-11T22:10:40,shinanokii,oulalala
2025-06-11T22:10:40,syhnsama,mdrrr
2025-06-11T22:10:40,smiling_kd,MDRRRR
2025-06-11T22:10:40,carotteuvu,MDRRR
2025-06-11T22:10:40,yui_toyami,LA TEAM PAILETTE
2025-06-11T22:10:40,enima_tm,LUL
2025-06-11T22:10:41,leratdefrance12,Mdrrr
2025-06-11T22:10:41,elaavine,M.zou ?
2025-06-11T22:10:41,saraaaaa2882222,chaussette
2025-06-11T22:10:41,breal_07,Team Oreo
2025-06-11T22:10:41,hugod4643,Euhhhh
2025-06-11T22:10:42,gryfe2o,nft
2025-06-11T22:10:42,dragon_dore11,salut
2025-06-11T22:10:42,gochi_05,MDRRR
2025-06-11T22:10:42,inayaa_11,Natasha elle est dr√¥le en sah
2025-06-11T22:10:43,joum___,MDR NAT
2025-06-11T22:10:43,vert_emeraudd,LUL LUL LUL LUL LUL
2025-06-11T22:10:43,alitalune,LUL LUL
2025-06-11T22:10:43,4ulyah,Chaussettes
2025-06-11T22:10:43,faanny15,Posuu mdrrr
2025-06-11T22:10:43,anahst,POUZH2H2HAHAHAG
2025-06-11T22:10:43,tb_rydwan,oreoo
2025-06-11T22:10:44,32846,ptdddrrr
2025-06-11T22:10:44,rominhothegoat,PAQUERETTE
2025-06-11T22:10:45,damsteur,chaussette
2025-06-11T22:10:45,r0m4ne_13,baaaaaaa
2025-06-11T22:10:45,mister_yla,QUOI !!!!!!!!!!!!!!!!!!!
2025-06-11T22:10:46,greglejaguar,team 2 girls one cup
2025-06-11T22:10:46,neyrox0_,Team claquette #2
2025-06-11T22:10:46,92maxout,mousier est pet5er de tune
2025-06-11T22:10:46,c0ralierns,MDRRRRR STOPP
2025-06-11T22:10:46,dessea5,La team palette üòö‚òùÔ∏è
2025-06-11T22:10:47,prg_apollo,NATASHA EN ROUE LIBRE LUL
2025-06-11T22:10:47,sachou_pr,il va pouvoir arr√™ter les lazer gr√¢ce √† son bbl ü§£
2025-06-11T22:10:47,ast_248,MINCEEEE J'AI VOTE OUIII MDRRR
2025-06-11T22:10:48,r0m4ne_13,jppppp
2025-06-11T22:10:48,eli343689,Chausette
2025-06-11T22:10:49,amy94600_25,LUL LUL LUL
2025-06-11T22:10:49,1111lise,mdr
2025-06-11T22:10:49,kazutora_bananier,Oreo
2025-06-11T22:10:50,pand0raa___,Mdrrr
2025-06-11T22:10:51,inesrvr,MDRR Posuu
2025-06-11T22:10:52,enstil_,team pignouf
2025-06-11T22:10:52,elena282l,mastuFreeflag mastuFreeflag mastuFreeflag
2025-06-11T22:10:53,tonpoteleblond,team sans passeport
2025-06-11T22:10:53,luminis_tv,BAHHAAHAH
2025-06-11T22:10:54,intch4chw,la team ivoirienne
2025-06-11T22:10:54,julie5976,Posuu il est tellement dr√¥le
2025-06-11T22:10:54,sunny_naomie,la team paillette
2025-06-11T22:10:54,louison_b0,TEAM PAILLETTES
2025-06-11T22:10:55,ca_limo,met des pailletes dans ma vie Kevin
2025-06-11T22:10:55,lenais084,M zou il est en roue libre
2025-06-11T22:10:55,kazutora_bananier,OREO
2025-06-11T22:10:55,narelmon,La team tongs ?? √ßa ressemble a des claquettes
2025-06-11T22:10:56,snezoxxx,la team baguette
2025-06-11T22:10:57,eillorsy,il parle des t-shirts
2025-06-11T22:10:58,willocqnathan,Mdr
2025-06-11T22:10:58,shinanokii,mdrrr
2025-06-11T22:10:59,tb_rydwan,oreooooooooo
2025-06-11T22:10:59,solion2025,haha
2025-06-11T22:10:59,pyroxsy,team oreo mdr
2025-06-11T22:10:59,anahst,posuu sous blackface
2025-06-11T22:10:59,heloday_,TEAM OREO
2025-06-11T22:11:00,napixx___,et sam???
2025-06-11T22:11:00,jonaslepro2,la team oreo
2025-06-11T22:11:00,legende40260,Oreo
2025-06-11T22:11:01,x4yna,Mdrr
2025-06-11T22:11:01,arthur_pon,j'ai pas pu pr√©dire
2025-06-11T22:11:02,mtr572,OE OREO C‚ÄôEST PAS MAL
2025-06-11T22:11:03,elaavine,LUL
2025-06-11T22:11:03,alitalune,Kappa
2025-06-11T22:11:04,mister_yla,team frozen
2025-06-11T22:11:04,saya1710,Eh jpp monsieur Zou
2025-06-11T22:11:04,tanyelou,M.zuu c'est posuu
2025-06-11T22:11:04,sephora212,il c est pass√© quoi depuis le debut
2025-06-11T22:11:05,rafaloooo_,je prie pour qu‚Äôils perdent
2025-06-11T22:11:07,na_gougi,La team Afriquaine
2025-06-11T22:11:07,lanaine17260,Natacha c'est qui hors RP?
2025-06-11T22:11:08,lolo_lolo356,LA TEAM‚Äô COQUETTE
2025-06-11T22:11:08,elena282l,LA TEAM PAILLETTES
2025-06-11T22:11:08,ace090814,La team oreille
2025-06-11T22:11:09,prg_apollo,mdrrrrrrr
2025-06-11T22:11:09,tb_rydwan,oreo
2025-06-11T22:11:09,renardon528,La team croquettes
2025-06-11T22:11:10,parzishiny,@arthur_pon dommage
2025-06-11T22:11:11,lleema,Apr√®s parlez √† posuu du plannn
2025-06-11T22:11:11,lock___ness,BBL
2025-06-11T22:11:11,alycia0474,faut prend mr zou comme deuxi√®me mascotte üôèüèºü§£ü§£
2025-06-11T22:11:13,roadminded,"J'ai pas eu le temps de voter, je vais mourir"
2025-06-11T22:11:13,kibayo_,team allocation familiale
2025-06-11T22:11:13,inayaa_11,LA TEAM PAILLETTES SOUS CLAQUETTES
2025-06-11T22:11:14,maylow_15,la team croquette
2025-06-11T22:11:14,syloween,Prem deg j'avais un pote qui parlait comme s'il √©tait racis√© alors que c un blanc bec Tah la posuu
2025-06-11T22:11:15,youyoumin,baise moi mon frere
2025-06-11T22:11:17,kyltrapp89,Je peu tjr pas claquer mon prime
2025-06-11T22:11:17,manonnn1101,mdrrr
2025-06-11T22:11:17,luc03max,mr zou qui se prend pour samous
2025-06-11T22:11:18,pyroxsy,team oreo c mieux mdr
2025-06-11T22:11:19,emmastulipe,Team pied
2025-06-11T22:11:20,tb_rydwan,oreooooooooooooooooooooooooo
2025-06-11T22:11:20,simeon784,mdrr
2025-06-11T22:11:21,strider_bs,La team biflette
2025-06-11T22:11:21,poupoune2__0,Bonsoir crazy town
2025-06-11T22:11:21,vortex16839,Teem bbl
2025-06-11T22:11:22,ppppppppppppppppp640,oreo
2025-06-11T22:11:22,lepancreasdefunky,@lanaine17260 idkbutimleila
2025-06-11T22:11:23,rayane2lt,oreo noir a l‚Äôext√©rieur blanc √† l‚Äôint√©rieur
2025-06-11T22:11:24,demba2605_,team clapette
2025-06-11T22:11:27,oneworld69,Team des renois
2025-06-11T22:11:28,lilioooooooooo,üò∂üò∂
2025-06-11T22:11:29,solion2025,la team paillrtte
2025-06-11T22:11:30,chloe_12110233,Slt
2025-06-11T22:11:31,ana_764,team oreo c‚Äôest bien
2025-06-11T22:11:34,hvk_vic_zz21,re il s‚Äôest pass√© quoi ?
2025-06-11T22:11:34,dessea5,La team bal√©se ü§ì‚òùÔ∏è
2025-06-11T22:11:35,sunny_naomie,la team BBL
2025-06-11T22:11:35,meg02j,la team bavette
2025-06-11T22:11:36,eillorsy,ohh team clapette
2025-06-11T22:11:36,seikenshi0,comment on participe au vote ?
2025-06-11T22:11:36,skygames07,Salut les bgs
2025-06-11T22:11:38,tb_rydwan,OREOOO
2025-06-11T22:11:38,helo_191069,Team bbl
2025-06-11T22:11:39,mister_yla,wowowwowowo
2025-06-11T22:11:39,yku__,Team lavabo
2025-06-11T22:11:40,hvk_bl1tz,Team ide
2025-06-11T22:11:40,keliamzz,LUL LUL LUL
2025-06-11T22:11:40,mtr572,la team kaka
2025-06-11T22:11:40,lussa111,oreo üôèüôè
2025-06-11T22:11:40,helyos__,MDRRR
2025-06-11T22:11:41,kazutora_bananier,Oreooo
2025-06-11T22:11:41,syhnsama,hahahaha
2025-06-11T22:11:41,feathur_,team kalinade Kappa
2025-06-11T22:11:42,elaavine,WAA
2025-06-11T22:11:42,kibayo_,team alloc familial
2025-06-11T22:11:43,shinanokii,wssshhh
2025-06-11T22:11:43,willocqnathan,J'ai rater quoi
2025-06-11T22:11:43,alycia0474,mdr natasha veut en d√©coudre
2025-06-11T22:11:44,n_yyh7,mdr
2025-06-11T22:11:44,m8_calmar,BAAHAHAAHAHAHAAAAA
2025-06-11T22:11:44,chloe_12110233,Est ce que bloom est la se soit
2025-06-11T22:11:45,haru_pw,WTF
2025-06-11T22:11:45,tao1018371,Mdrrr
2025-06-11T22:11:46,lolo_lolo356,Oreo incr mdr
2025-06-11T22:11:46,warty0_0,wow
2025-06-11T22:11:46,spiiky_,sheeesh
2025-06-11T22:11:46,lussa111,oreo best
2025-06-11T22:11:46,yui_toyami,WSH
2025-06-11T22:11:46,nishmuu,WESH NATASHA
2025-06-11T22:11:46,x1mecx,mastuFeelsBadChopper mastuFeelsBadChopper mastuFeelsBadChopper mastuFeelsBadChopper mastuFeelsBadChopper mastuCambre mastuCambre mastuSalut mastuSalut mastuSalut
2025-06-11T22:11:47,denkaiii_,Kappa
2025-06-11T22:11:47,leo_lep_,EH BEH
2025-06-11T22:11:47,nikaa_012,elle a p√©t√© un c√¢ble ü§£ü§£
2025-06-11T22:11:47,syhnsama,ho wesh
2025-06-11T22:11:48,1111lise,mdr
2025-06-11T22:11:48,mael0629,üò±
2025-06-11T22:11:48,besrty_best,TEAM OREO
2025-06-11T22:11:48,mister_yla,bahahahah
2025-06-11T22:11:48,emmastulipe,Y'a qui ds la team pailette
2025-06-11T22:11:48,prg_apollo,waaaaaaaaaa
2025-06-11T22:11:49,kyltrapp89,Oh wow
2025-06-11T22:11:49,clarisse1005,BAHAHA
2025-06-11T22:11:49,y0niche,MDRRRR
2025-06-11T22:11:51,denkaiii_,JinxLUL JinxLUL
2025-06-11T22:11:51,anahst,OULA
2025-06-11T22:11:51,sephora212,mdr
2025-06-11T22:11:51,luca_stagne,Team claque fesse
2025-06-11T22:11:52,aantheaaa,üò≠üò≠üò≠üò≠
2025-06-11T22:11:52,sosodubanges,mdrrr
2025-06-11T22:11:52,alitalune,Kappa
2025-06-11T22:11:53,natsuki_light,EH BEHHHH
2025-06-11T22:11:53,the_sam2am,Waaaaaa LUL LUL LUL LUL
2025-06-11T22:11:53,lock___ness,BBL
2025-06-11T22:11:53,parzishiny,ettt beh
2025-06-11T22:11:54,nyrenoa,Oreoooooo
2025-06-11T22:11:56,imbreathless,BAHAHAHAHA
2025-06-11T22:11:58,nerea_rsl,pouahah ben dit donc
2025-06-11T22:11:58,k_rine_3,eh beh
2025-06-11T22:11:58,leo_lep_,√ßa se refuse rien la Nat'
2025-06-11T22:12:01,syloween,Elle est pas mal la vielle
2025-06-11T22:12:01,kyltrapp89,UIIIIIIIIIIII
2025-06-11T22:12:02,aantheaaa,üò≠üò≠
2025-06-11T22:12:03,syhnsama,NATASHAAAAAAAAAAAAA HOLALAL
2025-06-11T22:12:03,oskab_33,il faut que tu fasse la m√™me
2025-06-11T22:12:04,monkey_d_karim,lag
2025-06-11T22:12:04,eillorsy,team claque fesses
2025-06-11T22:12:04,mtr572,memdmdmmddrrrr
2025-06-11T22:12:09,noctagixyca,Chaude la mami ü•µü•µ
2025-06-11T22:12:09,ricrac5,bien conserv√©
2025-06-11T22:12:10,redx4422,MASTUUUUU il faut A TOUT PRIX DATE BLOOM S'IL TE PLAIT
2025-06-11T22:12:11,92maxout,mousier est tomber
2025-06-11T22:12:19,hugornt76540,tu sais c‚Äôest quand que Michou revien ou pas
2025-06-11T22:12:28,kazutora_bananier,ptdrr
2025-06-11T22:12:30,frost_walker_76,"Je viens d'arriver, j'ai rat√© quoi?"
2025-06-11T22:12:30,tanyelou,na_gougi √† des propos raciste les modo !!!!
2025-06-11T22:12:32,arriiya,mdrrr
2025-06-11T22:12:35,mckeita,ALLEZ MASTU
2025-06-11T22:12:35,bobby11h,samous est d√©guis√©????????????
2025-06-11T22:12:38,damsteur,parfait pour le crazy fan
2025-06-11T22:12:41,raphlegamer04,bien gechard
2025-06-11T22:12:46,lleema,Natacha √† seulement 10km de chez vous
2025-06-11T22:12:50,licorne41,Slttt
2025-06-11T22:12:55,redx4422,MAASTUU il faut DATE BLOOM un de ce jours
2025-06-11T22:12:56,32846,elle a du flow la vieille ü´®
2025-06-11T22:12:58,laayzox,mdrrr
2025-06-11T22:13:00,ace090814,Il a un fusil √† pompe mastu
2025-06-11T22:13:02,vinsloo,@frost_walker_76 Natasha en maillot 2 pi√®ces rien de fou mdr
2025-06-11T22:13:04,eline_lrx,"Saluuut, il s‚Äôest pass√© quoi je viens d‚Äôarriver ???"
2025-06-11T22:13:04,daylaluv,LUL LUL LUL
2025-06-11T22:13:05,gruto32,Il y aura une rediff sur youtube ?
2025-06-11T22:13:06,artsacha44,@lleema mdr
2025-06-11T22:13:07,syloween,@lleema XPTDRRRR JSUIS MORT en plus yen a tjr une qui s'appel Natasha
2025-06-11T22:13:13,leeloumieres__,@gruto32 oui
2025-06-11T22:13:14,camou2008,samousse
2025-06-11T22:13:15,plume_roblox,@gruto32 o√©
2025-06-11T22:13:16,didieluffy,LUL LUL LUL LUL LUL
2025-06-11T22:13:17,spilkys,samous deguis√© ?????
2025-06-11T22:13:18,prg_apollo,Le neuille va pas mieux
2025-06-11T22:13:20,lunee____,@gruto32 oui
2025-06-11T22:13:20,ethan09022008,@ileema mdr
2025-06-11T22:13:22,lock___ness,QUE tu flop meme ton pouvoir
2025-06-11T22:13:23,mtr572,pourquoi Sam live pas aujourd‚Äôhui üòûüòû
2025-06-11T22:13:24,frost_walker_76,Merci @vinsloo
2025-06-11T22:13:29,ppppppppppppppppp640,oreo
2025-06-11T22:13:31,kazutora_bananier,la relation de Kal et Zaf mtn me d√©truit
2025-06-11T22:13:33,intch4chw,EleGiggle t‚Äôes plus sur zaf que bloom
2025-06-11T22:13:35,nokzere_,cam
2025-06-11T22:13:43,mamafrdu70,@eline_lrx Mastu a un bbl et ils vont faire un laser game
2025-06-11T22:13:44,luca_stagne,Le neuille il est sombre
2025-06-11T22:13:45,cocoplume,Bloom aujourd'hui ?
2025-06-11T22:13:48,zitrom_,qui est la streameuse qui joue isolide ?
2025-06-11T22:13:51,pyroxsy,je veux JOUER
2025-06-11T22:13:51,nahliah,mdrrrr?
2025-06-11T22:13:52,nikaa_012,faut vrmt tenter d'enlever Isolde
2025-06-11T22:13:53,vortex16839,Reacp srp
2025-06-11T22:13:53,2tallgame,Gagn√©
2025-06-11T22:13:53,aurelie_jff,@intch4chw Comme dans la S1
2025-06-11T22:13:56,92maxout,ilhan menace mousieur
2025-06-11T22:13:57,sasha_jdf,@cocoplume non
2025-06-11T22:13:57,elaavine,LUL
2025-06-11T22:13:58,eyleen2012,ü§£ü§£ü§£üòÇüòÇüòÇüòÇüòÇ
2025-06-11T22:13:58,lilagille,Cc
2025-06-11T22:13:58,keliamzz,LUL LUL LUL
2025-06-11T22:13:58,bastou373,nan notre pr√©dit
2025-06-11T22:13:59,alycia0474,mastu sous bbl üôèüèºü§£
2025-06-11T22:13:59,1111lise,mdr
2025-06-11T22:13:59,touany_fr,J'ai le permis !!!!!!!!!!
2025-06-11T22:13:59,mayakos_,bloom vient aujourd'hui ?
2025-06-11T22:13:59,helyos__,HAHAHAHAHA
2025-06-11T22:13:59,kazutora_bananier,MDRR
2025-06-11T22:14:00,shinanokii,mdrrr
2025-06-11T22:14:00,epptible,il y a qui de connect√© ce soir ?
2025-06-11T22:14:01,vfazy,mdrrrr
2025-06-11T22:14:02,dylan280907,üòÇüòÇüòÇ
2025-06-11T22:14:03,k_rine_3,LUL LUL LUL
2025-06-11T22:14:03,luca_stagne,LUL LUL LUL LUL LUL LUL
2025-06-11T22:14:03,natsuki_light,LUNAIRE MDRR
2025-06-11T22:14:03,skyeternya,LUL LUL LUL LUL
2025-06-11T22:14:03,denkaiii_,JinxLUL
2025-06-11T22:14:04,clarisse1005,Comment √ßa va ?
2025-06-11T22:14:04,tao1018371,Mdrrrrr
2025-06-11T22:14:04,alitalune,LUL LUL LUL
2025-06-11T22:14:04,lyanaaatjeee,mdrrr
2025-06-11T22:14:04,loula_1414,BLOOM
2025-06-11T22:14:04,m8_calmar,MDRRRR
2025-06-11T22:14:05,redx4422,stpp date bloom
2025-06-11T22:14:05,the_sam2am,LUL LUL
2025-06-11T22:14:05,prg_apollo,LUL LUL
2025-06-11T22:14:05,spiiky_,bien r√©sum√©
2025-06-11T22:14:05,kenzawitt,üòÇüòÇ
2025-06-11T22:14:05,heloday_,PTDRRRRR
2025-06-11T22:14:06,daylaluv,LUL LUL LUL
2025-06-11T22:14:07,math07_07,Mousieur c'est Nicotine ?
2025-06-11T22:14:07,nezyy13,Salutations tout le monde
2025-06-11T22:14:07,une_pompotee,simoooooon
2025-06-11T22:14:08,hanae100,Ptdr
2025-06-11T22:14:08,mister_yla,mdr
2025-06-11T22:14:08,blue_kumo,TT LE MONDE YAURA PAS BLOOM
2025-06-11T22:14:08,helo_191069,Mdrr
2025-06-11T22:14:09,ewentbo44,C'est quoi un bbl ?
2025-06-11T22:14:09,the__ted,Mdrr
2025-06-11T22:14:09,jeho_imb,MDRRRR LA WONTE
2025-06-11T22:14:09,sosodubanges,bahahahahah
2025-06-11T22:14:09,diegomts_498,mdrr
2025-06-11T22:14:11,n4th4nkdu44,Apr√®s pense √† n√©gocier pour ton pouvoir a la prod
2025-06-11T22:14:11,twistik_off,y‚Äôa une pr√©diction ?
2025-06-11T22:14:11,kaede04_,bahahhaha la pig bbl
2025-06-11T22:14:11,meyto_off,Yoooo
2025-06-11T22:14:11,mama_0301,xotrixIhih xotrixIhih
2025-06-11T22:14:11,captain_fire358,LUL LUL LUL
2025-06-11T22:14:11,leopold_rbx,fait un tour de grand huit stppppp
2025-06-11T22:14:11,m8_nathan_12n,Ptdddr
2025-06-11T22:14:11,mael_yy,dommage le bbl ne fait pas le vent
2025-06-11T22:14:12,samieleroi,tu vas √©pat√© bloom avec se fessier de titan
2025-06-11T22:14:12,razendji,MDRRRR
2025-06-11T22:14:12,ace090814,Stp perde j‚Äôai mis 150 point que tu perde stppppp
2025-06-11T22:14:13,lyanaaatjeee,si tu va gagner ou mi ou nan
2025-06-11T22:14:13,manonnn1101,bloom ne joue pas ce soir ?
